Document property,url,elements
hidden,https://wanggapc.com/,"Element: iframe, id: hidden, name: hidden"
hidden,https://www.omypc.co.kr/,"Element: iframe, id: hidden, name: hidden"
hidden,https://www.mfac.or.kr/,"Element: iframe, id: hidden, name: hidden"
hidden,https://www.ergonautas.upv.es/,"Element: iframe, id: hidden, name: hidden"
hidden,https://www.koicd.kr/,"Element: iframe, id: hidden, name: hidden"
hidden,https://www.hlholdings.co.kr/,"Element: iframe, id: hidden, name: hidden"
hidden,https://blessauto.kr/,"Element: iframe, id: hidden, name: hidden"
hidden,http://www.wolfcreekamphitheater.com/,"Element: iframe, id: ifr_hidden, name: hidden"
hidden,http://dkore.net/,"Element: iframe, id: No id, name: hidden"
hidden,https://standardprice.kr/,"Element: iframe, id: hidden, name: hidden"
hidden,https://www.laflyer.in/,"Element: form, id: No id, name: hidden"
hidden,http://sisatotalnews.com/,"Element: iframe, id: No id, name: hidden, Element: iframe, id: No id, name: hidden"
hidden,http://pgtour.co.kr/,"Element: iframe, id: hidden, name: hidden"
hidden,https://cointradestop.com/,"Element: iframe, id: No id, name: hidden"
hidden,http://www.jortek.com.br/,"Element: iframe, id: No id, name: hidden"
hidden,https://pro230407.prosell.kr/,"Element: iframe, id: hidden, name: hidden"
hidden,https://frenchbook.net/,"Element: iframe, id: hidden, name: hidden"
hidden,https://www.sangpae119.com/,"Element: iframe, id: hidden, name: hidden"
hidden,https://hostedftp.com/,"Element: iframe, id: hidden, name: hidden"
hidden,https://admin.tworldfriends.co.kr/,"Element: iframe, id: No id, name: hidden"
hidden,https://oneclickbusinesssolutions.com/,"Element: iframe, id: No id, name: hidden"
hidden,https://www.oncugrup.com.tr/,"Element: iframe, id: No id, name: hidden"
hidden,https://finterstellar.com/,"Element: iframe, id: No id, name: hidden"
hidden,https://www.unicampus.in/,"Element: iframe, id: No id, name: hidden"
hidden,https://doctor100.co.kr/,"Element: iframe, id: hidden, name: hidden"
hidden,https://www.icon-media.com/,"Element: iframe, id: No id, name: hidden"
hidden,https://koicd.kr/,"Element: iframe, id: hidden, name: hidden"
hidden,https://lillysoo29.prosell.kr/,"Element: iframe, id: hidden, name: hidden"
hidden,http://www.danceworksmajesticsstudio.com/,"Element: iframe, id: ifr_hidden, name: hidden"
hidden,http://www.sisatotalnews.com/,"Element: iframe, id: No id, name: hidden, Element: iframe, id: No id, name: hidden"
hidden,https://atypical.gr/,"Element: iframe, id: hidden, name: hidden"
hidden,https://with.mando.com/,"Element: iframe, id: hidden, name: hidden"
hidden,https://shrujanlldc.org/,"Element: iframe, id: No id, name: hidden"
hidden,https://stand.bg/,"Element: form, id: No id, name: hidden"
hidden,https://rabbit.prosell.kr/,"Element: iframe, id: hidden, name: hidden"
hidden,http://www.brookedanielsphotography.com/,"Element: iframe, id: ifr_hidden, name: hidden"
hidden,https://gomumall.com/,"Element: iframe, id: hidden, name: hidden"
hidden,http://www.phildoylephoto.com/,"Element: iframe, id: ifr_hidden, name: hidden"
body,https://colchester.mapxpress.net/,"Element: iframe, id: body, name: body"
body,https://coventry.mapxpress.net/,"Element: iframe, id: body, name: body"
body,https://charlestown.mapxpress.net/,"Element: iframe, id: body, name: body"
body,http://www.rajhlinky.wz.cz/,"Element: iframe, id: I1, name: body"
body,https://otsegocountygis.mapxpress.net/,"Element: iframe, id: body, name: body"
body,https://brookfield.mapxpress.net/,"Element: iframe, id: body, name: body"
body,https://berlin.mapxpress.net/,"Element: iframe, id: body, name: body"
body,https://westhaven.mapxpress.net/,"Element: iframe, id: body, name: body"
body,https://plymouth.mapxpress.net/,"Element: iframe, id: body, name: body"
body,https://newington.mapxpress.net/,"Element: iframe, id: body, name: body"
body,https://woodbury.mapxpress.net/,"Element: iframe, id: body, name: body"
body,https://www.nidami.com/,"Element: iframe, id: iframe_body, name: body"
body,https://newhartford.mapxpress.net/,"Element: iframe, id: body, name: body"
body,https://newbritain.mapxpress.net/,"Element: iframe, id: body, name: body"
body,https://milford.mapxpress.net/,"Element: iframe, id: body, name: body"
body,https://shelton.mapxpress.net/,"Element: iframe, id: body, name: body"
body,https://naugatuck.mapxpress.net/,"Element: iframe, id: body, name: body"
body,https://hopkinton.mapxpress.net/,"Element: iframe, id: body, name: body"
body,https://www.ellenfcasperphd.com/,"Element: iframe, id: No id, name: body"
body,https://suffield.mapxpress.net/,"Element: iframe, id: body, name: body"
body,https://woodbridge.mapxpress.net/,"Element: iframe, id: body, name: body"
body,https://oxford.mapxpress.net/,"Element: iframe, id: body, name: body"
body,https://bristol.mapxpress.net/,"Element: iframe, id: body, name: body"
body,https://southwindsor.mapxpress.net/,"Element: iframe, id: body, name: body"
body,https://southbury.mapxpress.net/,"Element: iframe, id: body, name: body"
body,https://seymour.mapxpress.net/,"Element: iframe, id: body, name: body"
body,https://trans-servise.com/,"Element: iframe, id: frame0, name: body"
body,https://preston.mapxpress.net/,"Element: iframe, id: body, name: body"
body,https://www.sas-net.co.jp/,"Element: img, id: body, name: body"
cookie,https://meinungsplatz.de/,"Element: form, id: No id, name: cookie"
cookie,https://mingle.respondi.fr/,"Element: form, id: No id, name: cookie"
cookie,https://www.maximiles.com/,"Element: form, id: No id, name: cookie"
cookie,https://www.maximiles.es/,"Element: form, id: No id, name: cookie"
cookie,https://mingle.respondi.de/,"Element: form, id: No id, name: cookie"
cookie,https://www.clubnuoveidee.it/,"Element: form, id: No id, name: cookie"
cookie,https://www.maximiles.it/,"Element: form, id: No id, name: cookie"
cookie,https://mingle.respondi.it/,"Element: form, id: No id, name: cookie"
cookie,https://www.m3panel.dk/,"Element: form, id: No id, name: cookie"
cookie,https://www.maximiles.gr/,"Element: form, id: No id, name: cookie"
cookie,https://www.m3panel.fi/,"Element: form, id: No id, name: cookie"
cookie,https://mingle.respondi.co.uk/,"Element: form, id: No id, name: cookie"
cookie,https://www.maximiles.co.uk/,"Element: form, id: No id, name: cookie"
cookie,https://www.maximiles.nl/,"Element: form, id: No id, name: cookie"
cookie,https://meinungsplatz.at/,"Element: form, id: No id, name: cookie"
cookie,https://www.zipperenzo.nl/,"Element: form, id: No id, name: cookie"
cookie,https://www.maximiles.ie/,"Element: form, id: No id, name: cookie"
cookie,https://meinungsplatz.ch/,"Element: form, id: No id, name: cookie"
cookie,https://www.m3panel.se/,"Element: form, id: No id, name: cookie"
cookie,https://mingle.respondi.ch/,"Element: form, id: No id, name: cookie"
cookie,https://mingle.respondi.at/,"Element: form, id: No id, name: cookie"
cookie,https://www.m3panel.no/,"Element: form, id: No id, name: cookie"
cookie,https://www.ilfocolarecaminetti.it/,"Element: form, id: No id, name: cookie"
cookie,https://hacona.com/,"Element: form, id: No id, name: cookie"
cookie,https://www.arredamento-bologna-arredamenti.it/,"Element: form, id: No id, name: cookie"
cookie,https://www.hacona.com/,"Element: form, id: No id, name: cookie"
title,https://www.cut-hikari.com/,"Element: img, id: title, name: title"
title,https://www.mcmcaribbeanrealty.com/,"Element: img, id: No id, name: title"
title,http://www.beppuni.com/,"Element: img, id: title, name: title"
title,https://www.adnet-group.com/,"Element: img, id: No id, name: title"
title,http://ff14.ffo.jp/,"Element: form, id: No id, name: title"
title,https://www.cookingmama.com/,"Element: img, id: title, name: tt"
title,http://shipscafe.net/,"Element: img, id: title, name: title"
title,https://www.aquascape-cebu.com/,"Element: img, id: title, name: title"
title,http://tetuwo181.web.fc2.com/,"Element: img, id: No id, name: title"
title,https://www.adamscountygis.com/,"Element: img, id: No id, name: title"
title,https://menkyo119.com/,"Element: img, id: No id, name: title"
title,http://www.khrc.net/,"Element: img, id: No id, name: title"
title,https://alev-trans.ru/,"Element: form, id: No id, name: title, Element: form, id: No id, name: title"
title,https://www.goukei.com/,"Element: img, id: No id, name: title"
title,https://www.a-tech-eng.com/,"Element: img, id: No id, name: title"
title,https://www.bluegrassrealty.com/,"Element: img, id: No id, name: title"
title,http://beppuni.com/,"Element: img, id: title, name: title"
title,https://www.koizumi-koumonka.com/,"Element: img, id: No id, name: title, Element: img, id: No id, name: title"
title,https://at-cinq.com/,"Element: img, id: title, name: title"
title,https://cookingmama.com/,"Element: img, id: title, name: tt"
title,http://www.konishizokei.co.jp/,"Element: img, id: title, name: title"
title,https://crest-ihec.jp/,"Element: img, id: title, name: title"
title,https://www.pro-fusiononline.com/,"Element: img, id: No id, name: title"
title,http://www.ssoc.chem.tohoku.ac.jp/,"Element: img, id: title, name: title"
title,https://www.shorelandmanagement.org/,"Element: img, id: No id, name: title"
head,https://sphere.gamexp.com/,"Element: embed, id: No id, name: head"
head,https://www.gomaths.ch/,"Element: form, id: No id, name: head"
head,https://gomaths.ch/,"Element: form, id: No id, name: head"
head,https://aimcontrollers.com/,"Element: img, id: header, name: head"
head,https://www.mettlerelectronics.com/,"Element: img, id: head, name: head"
links,https://nrpclassaction.com/,"Element: img, id: links, name: links"
links,https://12v.org/,"Element: img, id: No id, name: links"
links,https://www.chicotrujillo.com/,"Element: img, id: No id, name: links"
links,http://www.khrc.net/,"Element: img, id: No id, name: links"
links,http://www.atomica.co.uk/,"Element: form, id: No id, name: links"
domain,https://www.webusable.com/,"Element: img, id: No id, name: domain"
domain,https://isitdown.co.uk/,"Element: form, id: No id, name: domain"
domain,https://www.inventum.hr/,"Element: form, id: domain, name: domain"
domain,http://e.pl/,"Element: form, id: No id, name: domain"
domain,https://webusable.com/,"Element: img, id: No id, name: domain"
images,https://www.constantine-hier-aujourdhui.fr/,"Element: img, id: No id, name: images"
images,https://shadowshroud.com/,"Element: img, id: No id, name: images"
images,http://www.broadwaysalvage.com/,"Element: img, id: No id, name: images"
images,https://www.centredetirgranby.ca/,"Element: img, id: images, name: images"
all,https://www.tuemarkt.de/,"Element: form, id: typeName, name: all"
all,http://mackeyfi.somee.com/,"Element: iframe, id: No id, name: all"
forms,https://www.auto.co.il/,"Element: form, id: No id, name: forms"
